,pulse 0,pulse 1,drug concentration
0,276.40000000000003,276.40000000000003,0.0
1,276.40000000000003,276.40000000000003,0.1
2,276.6,276.6,1.0
3,281.70000000000005,281.70000000000005,30.0
4,314.0,314.0,300.0
5,367.5,367.5,1000.0
6,566.2,566.2,10000.0
7,1000.0,414.6,100000.0
