,pulse 0,pulse 1,drug concentration
0,260.20000000000005,260.20000000000005,0.0
1,260.20000000000005,260.20000000000005,0.1
2,260.40000000000003,260.40000000000003,1.0
3,265.5,265.5,30.0
4,297.8,297.8,300.0
5,351.6,351.6,1000.0
6,552.1,552.1,10000.0
7,1000.0,416.40000000000003,100000.0
