,pulse 0,pulse 1,drug concentration
0,260.20000000000005,260.20000000000005,0.0
1,260.20000000000005,260.20000000000005,0.1
2,260.40000000000003,260.40000000000003,1.0
3,267.8,267.8,30.0
4,337.90000000000003,337.90000000000003,300.0
5,482.80000000000007,482.80000000000007,1000.0
6,1000.0,407.0,10000.0
7,1000.0,409.3,100000.0
