,pulse 0,pulse 1,drug concentration
0,276.40000000000003,276.40000000000003,0.0
1,276.40000000000003,276.40000000000003,0.1
2,276.6,276.6,1.0
3,284.20000000000005,284.20000000000005,30.0
4,356.0,356.0,300.0
5,501.20000000000005,501.20000000000005,1000.0
6,1000.0,406.6,10000.0
7,1000.0,409.3,100000.0
