,Hill coefficient,IC50,protocol
0,0.7983109894805445,10357.331441825156,Milnes
0,0.8398097195804306,17712.369461789283,Pneg80
0,0.7969901036631236,10062.011816672291,P0
0,0.8282317177961128,26772.87927235706,P40
