,Hill coefficient,IC50,protocol
0,1.3016663609356027,389033.28373223165,Milnes
0,1.217104005804608,143704.11374436977,Pneg80
0,1.3068643233160115,337086.32511274575,P0
0,1.6130855048153843,25825026.841992766,P40
