,Hill coefficient,IC50,protocol
0,0.9520338428242723,8623.185672736761,Milnes
0,0.7702348147003428,1293.8845008432206,Pneg80
0,0.9529653352596705,6799.252983568017,P0
0,1.3642591571911937,1405623.002813822,P40
