,Hill coefficient,IC50,protocol
0,0.8581286833075581,353.95545664835566,Milnes
0,0.8887644180792902,521.7246358612382,Pneg80
0,0.8638597974380864,345.1370662073303,P0
0,0.9287592522715976,1071.648861091943,P40
