,Hill coefficient,IC50,protocol
0,0.8581816921945392,354.07113915453846,Milnes
0,0.8874131233072896,514.242522040173,Pneg80
0,0.863816793816547,345.0547281646937,P0
0,0.9283568343407533,1068.6941442430639,P40
