,Hill coefficient,IC50,protocol
0,0.9521896024808837,8635.965756863166,Milnes
0,0.7697213709340752,1290.1384767933891,Pneg80
0,0.9529756627630495,6800.0072272064435,P0
0,1.3629515965980528,1386294.4321713143,P40
