,Hill coefficient,IC50,protocol
0,0.552951232227635,8.232273457332415,Milnes
0,0.7431424078799459,20.467415705726623,Pneg80
0,0.6725193657805582,7.179674566854426,P0
0,0.6963805657259987,18.31488995552039,P40
