,Hill coefficient,IC50,protocol
0,0.5529543806680595,8.231425532831189,Milnes
0,0.7408322469842109,20.167083477162347,Pneg80
0,0.6725128157211162,7.179195528162139,P0
0,0.6975224268053647,18.41902942361937,P40
