,pulse 0,pulse 1,drug concentration
0,260.20000000000005,260.20000000000005,0.0
1,262.1,262.1,0.1
2,278.5,278.5,1.0
3,383.6,383.6,10.0
4,497.20000000000005,497.20000000000005,30.0
5,649.8000000000001,649.8000000000001,100.0
6,1000.0,417.40000000000003,300.0
7,1000.0,410.70000000000005,500.0
8,408.40000000000003,1000.0,1000.0
