,Hill coefficient,IC50,protocol
0,0.9178825575353953,514.9145523616488,Milnes
0,0.9738016064723442,644.0230005316128,Pneg80
0,0.9164775233480311,504.56174988090737,P0
0,0.930208648233854,1242.846783080638,P40
