,param_id,Vhalf,Kmax,Ku,N,EC50,drug_conc
0,6712.0,-66.19749999999999,30.0,0.0020449034846484,1.0,1.0,10.624678308940409
