,Hill coefficient,IC50,protocol
0,0.968590794917104,6260.631311519548,Milnes
0,0.9798244954961391,8228.670159753123,Pneg80
0,0.9647274784645401,4703.167460862597,P0
0,0.9906312301776119,10625.572273026195,P40
