,Hill coefficient,IC50,protocol
0,0.9685907946966869,6260.631289485983,Milnes
0,0.9798244955174523,8228.670165925832,Pneg80
0,0.9647274785419545,4703.167462354486,P0
0,0.9906312305055243,10625.572332816264,P40
