,Hill coefficient,IC50,protocol
0,0.9033152152603279,655.9535051661121,Milnes
0,0.930150296965137,964.5242730376805,Pneg80
0,0.901341364543414,529.0759096876187,P0
0,0.8869775314695051,888.0569256907395,P40
