,Hill coefficient,IC50,protocol
0,0.8993329110778603,10.211379904810245,Milnes
0,1.0974190256469118,14.599874667070887,Pneg80
0,0.9726912448508466,6.124283716286027,P0
0,0.9880439235297362,12.439722958116743,P40
