,Hill coefficient,IC50,protocol
0,0.8992899630250007,10.2071771426626,Milnes
0,1.0959057014352307,14.4174401202694,Pneg80
0,0.972587546519703,6.12237523646288,P0
0,0.995279051914303,12.738213687502252,P40
