,Hill coefficient,IC50,protocol
0,0.6545651383644789,32.45798382031529,Milnes
0,0.9466798930163296,49.111413604902,Pneg80
0,0.9215651907139909,42.7924097576384,P0
0,0.9483294941767447,110.40366089496044,P40
