,Hill coefficient,IC50,protocol
0,0.6976044014362192,34.582771957958315,Milnes
0,0.9773406087326205,53.20871097623857,Pneg80
0,0.9324585937553895,43.882901976371116,P0
0,0.9644088874692747,116.19821804412122,P40
