,Hill coefficient,IC50,protocol
0,0.9415691131828431,5.973922674904155,Milnes
0,1.0161803123384798,7.290319998118632,Pneg80
0,1.0036823088578497,6.949540447140168,P0
0,1.003124568207808,21.720505059949105,P40
