,Hill coefficient,IC50,protocol
0,0.9415486139887267,5.974144436261416,Milnes
0,1.012467182381911,7.1941105999304495,Pneg80
0,1.0038651077806229,6.9521606754487255,P0
0,1.0044927842802542,21.83321874354243,P40
