,Hill coefficient,IC50,protocol
0,0.9848713124088719,6.080644054912843,Milnes
0,1.031292360267989,7.454202358685012,Pneg80
0,1.0193681260029568,7.073256205812782,P0
0,1.0633825481967294,24.769068404913515,P40
