,Hill coefficient,IC50,protocol
0,0.9415691116635125,5.973922663285493,Milnes
0,1.0161803132773128,7.290320011167547,Pneg80
0,1.0036823088509137,6.949540446155675,P0
0,1.0031245681852978,21.72050505308765,P40
