,pulse 0,pulse 1,drug concentration
0,260.20000000000005,260.20000000000005,0.0
1,265.20000000000005,265.20000000000005,0.1
2,277.3,277.3,1.0
3,314.0,314.0,10.0
4,347.5,347.5,30.0
5,398.70000000000005,398.70000000000005,100.0
6,457.3,457.3,300.0
7,487.4,487.4,500.0
8,529.9,529.9,1000.0
9,674.5,674.5,10000.0
