,pulse 0,pulse 1,drug concentration
0,260.20000000000005,260.20000000000005,0.0
1,263.40000000000003,263.40000000000003,0.1
2,274.3,274.3,1.0
3,316.0,316.0,10.0
4,359.90000000000003,359.90000000000003,30.0
5,431.70000000000005,431.70000000000005,100.0
6,515.6,515.6,300.0
7,558.4,558.4,500.0
8,618.3000000000001,618.3000000000001,1000.0
9,1000.0,405.20000000000005,10000.0
