,Hill coefficient,IC50,protocol
0,0.8805205741941412,532.4744842580207,Milnes
0,0.8358532295661377,281.9672992274323,Pneg80
0,1.0087365564196435,304.6410826070212,P0
0,1.0665658054520453,900.5334839511764,P40
