,Hill coefficient,IC50,protocol
0,0.8805120109786523,532.3958858651862,Milnes
0,0.8339783628701123,277.03262288534194,Pneg80
0,1.008677646900695,304.52132933638364,P0
0,1.0695279551683423,918.7617780549581,P40
