,Hill coefficient,IC50,protocol
0,0.9005199591563714,593.9176947860583,Milnes
0,0.8444203354238969,279.08963623545844,Pneg80
0,1.009401005194761,305.8204005953186,P0
0,1.0686502242814615,916.4398992210146,P40
