,pulse 0,pulse 1,drug concentration
0,260.20000000000005,260.20000000000005,0.0
1,261.1,261.1,0.1
2,264.6,264.6,1.0
3,301.6,301.6,30.0
4,342.6,342.6,100.0
5,400.8,400.8,300.0
6,484.4,484.4,1000.0
7,665.6,665.6,10000.0
