,pulse 0,pulse 1,drug concentration
0,260.20000000000005,260.20000000000005,0.0
1,260.5,260.5,0.1
2,263.20000000000005,263.20000000000005,1.0
3,318.5,318.5,30.0
4,394.8,394.8,100.0
5,505.1,505.1,300.0
6,659.0,659.0,1000.0
7,1000.0,407.20000000000005,10000.0
