,pulse 0,pulse 1,drug concentration
0,260.20000000000005,260.20000000000005,0.0
1,262.70000000000005,262.70000000000005,0.1
2,283.0,283.0,1.0
3,400.90000000000003,400.90000000000003,10.0
4,511.20000000000005,511.20000000000005,30.0
5,645.9000000000001,645.9000000000001,100.0
6,1000.0,419.6,300.0
7,1000.0,411.90000000000003,500.0
8,1000.0,409.1,1000.0
