,pulse 0,pulse 1,drug concentration
0,276.40000000000003,276.40000000000003,0.0
1,278.90000000000003,278.90000000000003,0.1
2,299.20000000000005,299.20000000000005,1.0
3,416.5,416.5,10.0
4,525.8000000000001,525.8000000000001,30.0
5,658.9000000000001,658.9000000000001,100.0
6,1000.0,417.5,300.0
7,1000.0,411.0,500.0
8,1000.0,409.0,1000.0
