,pulse 0,pulse 1,drug concentration
0,276.40000000000003,276.40000000000003,0.0
1,278.3,278.3,0.1
2,294.6,294.6,1.0
3,399.70000000000005,399.70000000000005,10.0
4,513.1,513.1,30.0
5,664.3000000000001,664.3000000000001,100.0
6,1000.0,415.40000000000003,300.0
7,1000.0,410.1,500.0
8,1000.0,408.5,1000.0
